-0.8831,-0.0868,-1.9051,1.0000
1.9107,0.5278,-1.3955,1.0000
1.2478,1.6217,-0.5808,1.0000
-0.1715,-1.8765,-0.1407,1.0000
1.1559,-0.9176,-0.9667,1.0000
0.0958,-0.9173,-0.7388,1.0000
0.2091,-0.0615,-1.9049,1.0000
1.9455,-0.9003,-1.7079,1.0000
-0.6262,-1.4686,-0.6719,1.0000
-0.3072,-0.1095,-0.9188,1.0000
1.9664,-0.6333,-0.3125,1.0000
0.5671,1.7327,-1.2955,1.0000
1.0384,0.4718,0.0409,1.0000
1.6583,1.5966,0.2716,1.0000
1.2937,1.2994,-1.7976,1.0000
1.0345,-0.7180,-1.5933,1.0000
1.8435,0.2027,0.9672,1.0000
1.2190,-1.8430,-0.5213,1.0000
-1.3572,-1.4987,-1.9446,1.0000
1.8302,-0.7293,1.0205,1.0000
1.2476,1.7960,-0.9801,1.0000
0.3428,-1.6558,1.1296,1.0000
0.6562,-1.8006,1.4216,1.0000
0.1329,-1.0699,0.1173,1.0000
1.1138,0.3698,-1.7730,1.0000
1.9463,0.6236,0.7242,1.0000
0.5776,-0.1171,0.2440,1.0000
1.5529,1.6837,-1.6973,1.0000
1.9468,-0.1859,-0.5571,1.0000
-1.3030,-1.4884,-1.0700,1.0000
1.7938,1.7797,-0.4905,1.0000
0.5287,0.9210,-1.8928,1.0000
-1.4250,-0.9419,-1.6359,1.0000
-0.2165,0.5469,-1.1041,1.0000
-0.4838,-1.3811,-0.0951,1.0000
1.7061,1.1890,-0.5732,1.0000
1.3563,-0.6756,0.7618,1.0000
1.7570,1.0438,-0.4985,1.0000
0.4010,-1.1528,-1.8275,1.0000
-1.8243,-1.4857,-1.5307,1.0000
-0.3313,-1.8064,0.0296,1.0000
-0.2212,0.6218,-1.4282,1.0000
0.5922,-1.5531,1.1109,1.0000
1.4500,-0.1963,0.8078,1.0000
0.8560,-1.7461,-0.0184,1.0000
1.0607,-0.6509,0.1116,1.0000
1.7052,0.6103,-1.1399,1.0000
0.7893,0.4412,-0.8501,1.0000
-0.9798,-1.8828,-0.3393,1.0000
0.1169,-1.3138,-1.8671,1.0000
0.6753,-0.2843,-0.3881,1.0000
1.3502,-1.5839,0.8378,1.0000
1.0513,-1.0201,-1.6876,1.0000
1.7845,-1.6137,-0.5694,1.0000
0.5742,-1.1802,-0.6141,1.0000
0.2063,-0.0564,-0.3004,1.0000
1.0720,-0.4299,0.2523,1.0000
0.5563,0.8722,-1.5945,1.0000
1.5210,0.4340,-0.3402,1.0000
1.7455,-0.0190,-1.3476,1.0000
1.2314,1.2958,-0.8714,1.0000
0.9446,-1.5443,-1.3218,1.0000
-0.4922,-1.8862,0.4812,1.0000
0.7835,-1.2017,0.7928,1.0000
0.7900,-1.1747,1.0144,1.0000
1.7892,-0.4524,-1.1979,1.0000
1.7593,1.1115,-1.6996,1.0000
1.6828,-0.5415,0.4329,1.0000
1.6159,0.1879,-0.3833,1.0000
1.4136,-0.6012,-1.5204,1.0000
1.8412,-0.2286,-1.7873,1.0000
0.9035,0.2696,-0.1617,1.0000
1.1429,0.5861,-0.3769,1.0000
1.7644,0.8163,0.4089,1.0000
1.4534,-0.3755,-1.8081,1.0000
-0.9233,-0.6801,-1.4014,1.0000
1.9201,-1.2740,1.3761,1.0000
0.9474,-1.4857,-1.7245,1.0000
-0.8017,-0.0162,-1.8186,1.0000
0.9265,-1.4896,-1.5826,1.0000
0.2455,-1.1093,0.6222,1.0000
1.7140,1.4303,0.3131,1.0000
1.2252,0.8545,0.3851,1.0000
-0.0424,-1.9154,0.4716,1.0000
1.3672,-0.5498,0.3347,1.0000
1.4713,1.9168,-0.9454,1.0000
0.6752,-1.1726,-0.3263,1.0000
1.8364,0.7645,0.9582,1.0000
1.1819,-1.1523,0.7607,1.0000
0.4502,-1.4891,0.1301,1.0000
0.5810,-1.5673,-1.9672,1.0000
-0.5480,-0.3647,-1.7988,1.0000
-0.4250,-1.4047,-0.7143,1.0000
0.6555,-0.6020,-1.0854,1.0000
1.6021,1.3972,-0.9790,1.0000
-0.7074,-1.7299,-0.8579,1.0000
1.3375,0.9970,-0.9556,1.0000
-0.0820,-1.5959,-1.2230,1.0000
0.8058,-0.1423,-1.1246,1.0000
-0.9187,-1.7143,-1.0958,1.0000
1.4982,-0.2278,0.0698,1.0000
0.4527,-0.4063,-1.5296,1.0000
1.7725,-1.1998,-1.5703,1.0000
1.0161,-1.4714,1.3940,1.0000
1.8633,-1.2534,-1.1671,1.0000
0.2059,0.1961,-1.7651,1.0000
1.6057,-1.6965,-0.7916,1.0000
-0.5870,-0.0864,-1.9111,1.0000
-0.8241,-1.1805,-1.0543,1.0000
1.8815,-1.4870,0.0104,1.0000
-0.1794,-1.3593,-1.1808,1.0000
0.9889,-0.6852,-1.8496,1.0000
0.8943,-0.9984,-0.0102,1.0000
0.3851,-1.9356,0.5649,1.0000
1.8162,-0.8356,-0.9112,1.0000
0.8446,-1.9059,0.1519,1.0000
-0.3950,-0.3414,-0.8230,1.0000
1.4479,-1.7103,1.8901,1.0000
0.1310,-1.9557,0.3737,1.0000
1.9702,0.0915,-0.6184,1.0000
1.1653,-1.8511,-0.4272,1.0000
0.2142,-0.6029,-1.8307,1.0000
1.7924,1.1674,-1.9063,1.0000
0.5451,-0.4292,0.3078,1.0000
-0.5146,-1.4652,-0.9389,1.0000
1.1250,1.8703,-1.7354,1.0000
1.6964,-0.2496,-0.0158,1.0000
1.9623,-0.6837,-1.3958,1.0000
1.1091,-1.3004,1.4201,1.0000
0.8634,-1.9003,0.3972,1.0000
0.7749,0.6203,-0.0477,1.0000
1.0255,0.6046,0.0292,1.0000
0.3715,-1.1243,-0.1076,1.0000
1.3154,-1.3913,-1.7736,1.0000
1.2907,0.2317,-1.8286,1.0000
1.4047,0.0802,-0.9321,1.0000
0.8293,-1.4427,0.6390,1.0000
1.8590,-0.2062,1.8956,1.0000
-0.0514,-1.0754,-1.6462,1.0000
1.6639,1.8087,0.1047,1.0000
0.9207,0.4075,0.2699,1.0000
1.8704,-0.7597,0.2700,1.0000
1.7320,0.6980,-1.4449,1.0000
1.4103,0.7701,-1.6433,1.0000
-0.0528,1.1493,-1.4610,1.0000
-1.4324,-1.4038,-1.4674,1.0000
0.2135,-1.9204,-1.0173,1.0000
1.5279,-0.2339,-1.3339,1.0000
1.5980,1.6577,-1.5215,1.0000
0.2617,-0.5735,-0.0471,1.0000
-0.4993,-0.4822,-1.6663,1.0000
0.7862,1.1477,-0.5720,1.0000
1.3846,1.7055,-0.2804,1.0000
0.6915,1.5779,-1.6812,1.0000
1.0625,-0.9208,-0.0741,1.0000
1.1759,-0.3466,-0.4904,1.0000
1.7151,-0.6365,1.7439,1.0000
1.5082,-1.5301,-0.9514,1.0000
1.0290,-0.6356,-1.1498,1.0000
0.9894,-0.3851,0.4230,1.0000
1.4049,0.9929,-0.0391,1.0000
1.7328,-1.1364,-0.7333,1.0000
0.6769,-0.9989,1.0346,1.0000
-0.2102,-0.1877,-1.7995,1.0000
1.3112,-1.0865,0.4562,1.0000
1.3879,-1.5940,1.4935,1.0000
-0.1145,-1.2106,-1.6953,1.0000
1.6901,-1.3675,-1.6089,1.0000
0.9601,-0.1127,-0.6505,1.0000
-1.5993,-1.8817,-1.4102,1.0000
-0.0093,0.2433,-1.5193,1.0000
-0.4054,-1.0468,-1.8130,1.0000
1.2949,0.6148,-1.8323,1.0000
0.4022,-1.9739,0.8634,1.0000
1.5081,-0.0444,0.9796,1.0000
-0.1341,-0.9059,-1.1896,1.0000
1.0923,-1.5558,-1.7141,1.0000
-0.4981,-1.9553,-1.3042,1.0000
0.2668,-0.9300,-0.7362,1.0000
0.7231,0.9249,-1.1729,1.0000
1.6639,-1.9975,-1.9211,1.0000
-0.8346,-1.9354,-0.4278,1.0000
1.4339,-0.9256,0.2775,1.0000
1.7897,0.6179,0.7004,1.0000
1.8101,-1.0560,-0.8704,1.0000
0.4919,-0.8211,-1.7295,1.0000
1.8190,-0.2688,-0.6207,1.0000
1.5084,-0.0451,-0.5115,1.0000
0.2844,-1.7623,-0.3562,1.0000
1.8294,-0.5158,1.8956,1.0000
1.4504,0.3376,1.0546,1.0000
1.9995,-0.4431,-1.0727,1.0000
0.9772,-0.4512,0.9727,1.0000
-0.7768,-1.9226,-1.6303,1.0000
1.4711,-1.1785,1.6719,1.0000
0.5520,-0.6528,-0.0280,1.0000
-0.2981,-1.5130,-0.5255,1.0000
1.2812,-1.8196,-0.1065,1.0000
0.4452,-1.4292,-1.2295,1.0000
-1.3015,-1.9714,-1.3329,1.0000
1.1252,-0.6024,-1.0017,1.0000
-0.6961,-1.5992,-0.0919,1.0000
0.3166,-0.1159,-1.1991,1.0000
1.9074,0.4026,1.1618,1.0000
1.7899,-1.4754,-0.2020,1.0000
0.3158,-0.7972,0.2140,1.0000
1.7491,-1.0726,1.3131,1.0000
1.7501,0.5096,0.9603,1.0000
-0.6662,-0.7248,-1.3930,1.0000
1.1666,-0.3956,-0.0746,1.0000
0.4123,0.3775,-1.6440,1.0000
0.5434,0.0006,-0.9900,1.0000
1.3461,-1.1931,1.9995,1.0000
-0.1657,0.6646,-1.3229,1.0000
1.0579,0.7397,-0.4298,1.0000
0.5698,-1.0287,-1.9939,1.0000
0.6055,-1.7313,-1.6558,1.0000
-1.2269,-1.7558,-1.5668,1.0000
1.6171,0.3380,1.0211,1.0000
1.5909,0.3064,-0.7080,1.0000
1.7510,-1.3116,1.3148,1.0000
0.9933,0.5398,-1.3519,1.0000
0.9080,0.6871,-1.5503,1.0000
1.6118,-1.6653,0.1787,1.0000
1.0186,0.3781,-0.8966,1.0000
-0.4746,-0.4739,-1.4840,1.0000
0.1577,0.0084,-0.3106,1.0000
1.5845,-0.4090,1.7119,1.0000
0.9229,1.8708,-1.2305,1.0000
1.2788,1.0511,-1.2969,1.0000
0.5102,-0.8489,-0.4573,1.0000
1.1038,-1.3170,0.1271,1.0000
0.5069,-1.4718,1.0942,1.0000
1.7931,0.5580,1.1845,1.0000
0.9798,-0.9916,-1.4347,1.0000
1.2499,0.8631,-0.8015,1.0000
0.6643,-0.4341,-1.7663,1.0000
1.8982,0.8570,0.1185,1.0000
1.8028,0.0688,0.5852,1.0000
1.8810,-0.6322,-0.6442,1.0000
0.4353,0.8878,-1.2714,1.0000
0.3322,-1.7921,-0.7283,1.0000
1.2539,-0.5670,-1.4746,1.0000
0.6982,1.2722,-1.9076,1.0000
0.0203,-1.5668,-1.4055,1.0000
1.3196,1.6173,-0.4561,1.0000
0.4310,-0.1265,-0.1965,1.0000
0.6540,0.8766,-1.9854,1.0000
0.4829,1.9291,-1.7970,1.0000
1.7508,0.9418,0.7391,1.0000
1.0719,1.2227,-0.2620,1.0000
1.1971,1.3036,-1.9424,1.0000
1.1249,-0.6178,-0.5349,1.0000
1.6525,-1.7821,-1.4772,1.0000
1.7318,-1.5640,1.1009,1.0000
1.7798,-1.9605,0.8473,1.0000
1.1632,-1.7690,-1.5847,1.0000
1.0468,-1.7814,-1.4213,1.0000
1.2378,-0.9977,1.7812,1.0000
0.9560,0.8798,-0.0446,1.0000
-0.1854,-1.1596,-0.9214,1.0000
0.8443,-1.2120,-1.0241,1.0000
-0.6979,-0.7940,-1.3276,1.0000
-0.7450,0.0930,-1.8019,1.0000
1.2791,-1.2754,0.0711,1.0000
0.6922,-1.6118,0.1846,1.0000
1.9365,-0.2054,-1.6891,1.0000
-0.5961,-1.4685,-1.2173,1.0000
0.1418,-1.3150,-0.7240,1.0000
0.2275,-0.7405,0.1433,1.0000
1.7798,-0.5616,0.3243,1.0000
-1.4612,-1.5640,-1.8230,1.0000
0.9905,1.4790,-0.4640,1.0000
1.3003,-0.5334,-0.1631,1.0000
0.2057,0.6347,-1.1902,1.0000
1.1520,-1.3626,0.1060,1.0000
0.2336,-1.3929,0.0029,1.0000
0.2482,-1.5107,0.4662,1.0000
1.3549,-1.2292,1.4367,1.0000
1.9921,1.5784,-0.1567,1.0000
0.6509,-1.1170,0.6120,1.0000
1.3483,-0.7061,1.6028,1.0000
1.5140,-1.7598,-0.4158,1.0000
1.1899,0.9793,-1.9358,1.0000
-0.6450,-1.2228,-0.3957,1.0000
0.0419,-1.1053,-0.2528,1.0000
0.4051,-0.4399,-1.2443,1.0000
0.6108,-0.9702,1.0314,1.0000
1.4001,-1.1681,0.2084,1.0000
1.6095,-1.7009,-1.7119,1.0000
1.3135,-1.3249,-0.6748,1.0000
0.2308,-1.9912,-1.5070,1.0000
1.9878,0.4370,0.9555,1.0000
0.4789,0.4874,-1.6591,1.0000
1.3342,-0.4914,1.5899,1.0000
1.9885,0.9227,1.1652,1.0000
1.7652,1.4842,0.4439,1.0000
0.3094,1.4983,-1.6312,1.0000
-0.3493,0.0434,-1.4744,1.0000
1.8602,-1.9092,0.0065,1.0000
0.4111,0.7164,-1.8329,1.0000
-0.4126,-0.2877,-0.7126,1.0000
1.9757,1.3725,-1.5849,1.0000
1.8778,1.6525,-1.7255,1.0000
1.4634,-0.9770,0.6873,1.0000
1.4401,-0.4179,-0.9329,1.0000
-0.6358,-0.1148,-1.1917,1.0000
0.5748,-1.4252,-1.3936,1.0000
-0.1007,-0.2668,-1.8871,1.0000
1.4688,0.3926,0.7267,1.0000
1.5936,-0.8880,-1.1487,1.0000
1.2268,-1.4069,-1.6531,1.0000
1.6863,1.3496,-0.7177,1.0000
1.5012,-0.2211,0.3074,1.0000
1.4407,-1.8842,0.9152,1.0000
1.8513,-0.2333,-1.5093,1.0000
1.9456,-0.6905,-1.3310,1.0000
1.6058,-1.5109,0.7629,1.0000
0.3106,1.3504,-1.5248,1.0000
1.9858,0.0983,-0.8405,1.0000
0.7634,-0.8711,-1.7707,1.0000
1.6047,-1.8484,0.4821,1.0000
0.1613,-1.5678,-0.8338,1.0000
1.8324,0.2204,-0.8080,1.0000
1.9924,0.3652,1.2737,1.0000
0.5911,-0.8666,0.5544,1.0000
1.9856,-1.8935,-0.0440,1.0000
1.6935,0.2125,-0.0235,1.0000
1.1041,1.1052,-1.7644,1.0000
0.4982,-1.8424,0.1867,1.0000
-1.6539,-1.7640,-1.0015,1.0000
0.8991,1.3801,-0.8384,1.0000
1.0418,0.4917,-0.2216,1.0000
-1.5105,-0.8521,-1.9434,1.0000
1.2651,1.1911,-1.1170,1.0000
1.0484,0.1094,-0.3926,1.0000
0.2495,-1.1881,-1.1245,1.0000
0.3618,-0.6733,0.2013,1.0000
1.5943,1.9809,-1.8424,1.0000
1.9823,1.5651,-0.7611,1.0000
1.8107,1.1580,0.2993,1.0000
1.8686,-0.4164,-1.1897,1.0000
1.6227,-1.6035,1.5228,1.0000
0.0481,-1.3790,-0.5347,1.0000
1.2757,-1.8644,-0.1524,1.0000
1.8065,-1.3271,-0.3158,1.0000
0.3536,-1.3667,-0.9760,1.0000
1.7709,-0.0881,0.8940,1.0000
1.5699,-0.6118,1.0377,1.0000
0.7190,0.1792,0.1715,1.0000
-1.0896,-1.1419,-1.2114,1.0000
0.3222,0.8383,-1.0063,1.0000
-1.0173,-0.7410,-1.2176,1.0000
0.0957,-0.3483,-1.5973,1.0000
1.3031,1.0017,0.2879,1.0000
1.9417,1.2714,0.0065,1.0000
0.7144,-0.0418,-0.5029,1.0000
0.1834,-1.8897,-1.5192,1.0000
1.2352,0.9423,-0.1081,1.0000
-0.5552,-0.7801,-0.8465,1.0000
0.6311,-1.8778,1.7411,1.0000
-1.4382,-1.6851,-1.4390,1.0000
0.6633,-0.5902,-0.2097,1.0000
0.8548,-0.9259,0.5872,1.0000
1.3104,-1.8919,0.1263,1.0000
1.7962,-0.8803,0.4951,1.0000
1.3242,0.7541,-1.3991,1.0000
-1.2438,-1.7139,-1.7395,1.0000
1.7379,-0.1438,1.4143,1.0000
0.6350,-0.5261,-1.6238,1.0000
-0.1590,-1.2069,0.2188,1.0000
-0.4365,-1.3965,-1.5509,1.0000
0.9816,-1.4209,0.9861,1.0000
-1.3319,-1.2115,-1.3154,1.0000
0.7489,-0.5642,-0.2519,1.0000
1.1562,-0.9358,-0.8219,1.0000
1.2949,1.6883,-0.7053,1.0000
0.4151,1.4228,-1.4535,1.0000
1.3336,-1.0086,-1.1280,1.0000
1.7779,-0.9561,1.2040,1.0000
0.8213,1.1715,-1.3023,1.0000
0.0697,-0.4151,-0.5233,1.0000
1.6972,-0.7513,-0.0925,1.0000
0.5237,-0.6052,-1.2958,1.0000
0.5724,-1.6145,1.4988,1.0000
1.9039,0.7942,-1.0907,1.0000
0.8460,-1.9781,0.2121,1.0000
-0.5127,-1.0293,-1.7589,1.0000
1.6482,1.5561,-1.8838,1.0000
1.0211,-0.0089,-0.5510,1.0000
-0.4427,-0.5776,-0.6629,1.0000
0.8183,-0.8788,-0.7939,1.0000
0.7985,-0.1895,0.2726,1.0000
1.4072,0.1385,-1.4891,1.0000
1.7639,0.7760,-1.4908,1.0000
1.9752,1.0950,-0.5132,1.0000
1.8105,0.0022,0.3044,1.0000
0.9627,1.1759,-1.5735,1.0000
-1.0320,-1.5411,-1.9031,1.0000
1.5985,-1.2117,-1.5055,1.0000
1.5217,-1.2228,-1.7367,1.0000
1.6946,-0.4130,-0.8638,1.0000
0.2821,0.4793,-0.4608,1.0000
0.5898,0.3763,-0.5012,1.0000
1.1642,1.7141,-1.7540,1.0000
0.6339,0.9005,-1.0845,1.0000
1.5090,0.8860,-0.0190,1.0000
-0.2627,-1.4179,-1.7369,1.0000
0.0287,-1.3945,-0.2543,1.0000
1.6509,-1.4217,0.4408,1.0000
0.8672,-0.1175,-0.9332,1.0000
1.0432,1.2826,-1.5767,1.0000
1.7761,-0.5718,1.9605,1.0000
1.1426,1.5155,-0.4149,1.0000
-0.3788,-0.0881,-0.9465,1.0000
1.9683,0.4823,-0.0232,1.0000
-0.5228,-0.4426,-1.6396,1.0000
1.9764,-0.8408,-1.5117,1.0000
1.2320,-1.9297,-0.8321,1.0000
1.3910,-0.6380,0.6097,1.0000
0.9243,-0.4431,-1.1812,1.0000
-1.1681,0.1438,-1.9716,1.0000
0.4429,1.1493,-1.5144,1.0000
1.2952,-0.0959,-1.5592,1.0000
-1.3148,-0.2124,-1.9260,1.0000
1.8148,0.7133,-1.3973,1.0000
0.2213,0.7997,-1.0452,1.0000
1.0107,-0.7704,-0.9329,1.0000
1.9610,1.3451,-0.6229,1.0000
0.3739,-1.5336,1.0283,1.0000
0.6137,-0.3282,-1.5767,1.0000
1.2586,-0.7978,1.3478,1.0000
1.4607,1.3481,-1.3169,1.0000
0.7110,-0.2451,-0.6396,1.0000
-0.8001,-0.0664,-1.9319,1.0000
-0.7933,-0.7479,-1.0250,1.0000
1.8037,1.4223,-1.1914,1.0000
-0.0727,-1.7334,0.5626,1.0000
-0.4476,-1.9361,-0.2866,1.0000
0.5115,-1.3027,-0.8347,1.0000
1.0434,0.9854,-1.3847,1.0000
-0.5622,-1.5808,-1.6666,1.0000
0.0306,-1.7162,-1.1924,1.0000
0.4197,1.0541,-1.3712,1.0000
1.3681,-0.6895,1.6521,1.0000
1.3831,1.2153,-1.3180,1.0000
0.1154,-0.2158,-1.1905,1.0000
0.4483,-0.5740,-1.5067,1.0000
0.5384,-1.2266,-0.0737,1.0000
0.5909,1.3556,-1.1361,1.0000
1.1926,0.1845,0.4942,1.0000
0.9548,0.0921,-1.6539,1.0000
1.0688,-0.5855,-1.8066,1.0000
1.8203,-0.8265,-1.9005,1.0000
1.6023,-1.2534,-0.5595,1.0000
1.3946,0.8609,-0.2947,1.0000
1.5791,-0.3532,-1.9380,1.0000
-1.6963,-1.0960,-1.5942,1.0000
0.6572,-1.6851,-0.4176,1.0000
1.3194,0.9065,-1.3843,1.0000
0.9318,-1.5282,1.1719,1.0000
0.3798,0.2501,-0.2262,1.0000
0.9606,-1.9908,-0.7413,1.0000
1.3463,-0.5568,-1.9749,1.0000
1.1175,0.5596,-1.0127,1.0000
1.4332,0.1936,-0.2547,1.0000
0.0840,-0.6544,-0.8906,1.0000
0.0948,-0.3009,-0.3763,1.0000
-0.6830,-1.4930,-1.5901,1.0000
1.9653,0.8167,-0.5998,1.0000
-0.1912,1.1114,-1.9270,1.0000
1.2092,0.4019,-0.8273,1.0000
1.6899,-0.3139,0.3166,1.0000
1.0935,-0.9523,0.8480,1.0000
-0.0967,0.2813,-0.8810,1.0000
1.4343,0.1572,-0.4826,1.0000
0.9785,-0.5373,0.3787,1.0000
0.7363,0.3946,-1.0641,1.0000
-1.3366,-1.0107,-1.8833,1.0000
0.4723,0.2020,-1.8394,1.0000
-1.2939,-1.9060,-0.4602,1.0000
1.6258,0.8192,-0.5160,1.0000
0.5573,-1.7390,0.5641,1.0000
-0.1432,-1.3324,0.0163,1.0000
0.3469,-0.0607,-0.2794,1.0000
1.2616,0.2857,-0.4733,1.0000
0.1174,0.4901,-1.8374,1.0000
1.1299,-0.4840,-1.8852,1.0000
1.6022,-1.7913,-0.9519,1.0000
1.6794,-0.7675,1.2238,1.0000
0.1071,-1.6585,-1.2789,1.0000
1.5693,-1.7510,1.0205,1.0000
0.8934,0.1919,-1.2544,1.0000
1.9831,-1.3339,-1.4577,1.0000
1.1162,-1.3271,0.1334,1.0000
1.9072,1.9438,-1.2722,1.0000
1.6438,-1.4154,-1.2847,1.0000
1.8327,-1.7283,-1.4029,1.0000
-0.7674,-1.9345,-1.3437,1.0000
0.1115,0.9829,-1.1293,1.0000
-1.3963,1.1301,-0.2872,0.0000
-0.2692,-0.2486,0.6074,0.0000
1.3403,1.7684,1.0358,0.0000
0.5659,-0.3727,1.4802,0.0000
-1.2708,1.2679,-1.2644,0.0000
-1.4291,1.5144,0.0991,0.0000
0.5461,0.7601,1.7630,0.0000
0.9337,0.7645,1.1168,0.0000
0.6633,0.4754,0.9863,0.0000
1.3902,1.2690,1.6412,0.0000
-1.8345,1.0218,0.1581,0.0000
-1.6458,1.9376,-1.4581,0.0000
0.8042,1.9337,0.1700,0.0000
-0.5062,-0.4183,0.8631,0.0000
-1.9337,-0.6288,-0.1421,0.0000
-1.6351,0.4561,1.4613,0.0000
-0.0571,0.8380,1.6779,0.0000
-0.3737,1.2548,-0.8820,0.0000
0.4834,1.2686,0.5211,0.0000
-0.5089,-1.5801,1.6498,0.0000
-0.2457,1.6931,-0.8170,0.0000
-1.4583,-1.8396,0.2829,0.0000
-1.9977,0.9121,-1.8367,0.0000
-1.9802,0.1371,0.1157,0.0000
-1.8263,0.4232,-0.6044,0.0000
-0.9903,-0.7299,-0.1548,0.0000
-1.2949,1.6456,0.7404,0.0000
-0.6184,1.2998,-0.0346,0.0000
-1.0339,-1.7266,1.3628,0.0000
-0.1597,0.4170,0.0996,0.0000
1.2060,1.2248,1.8372,0.0000
0.7014,1.1648,0.7487,0.0000
1.0362,1.1538,1.0070,0.0000
-1.6960,-1.6839,1.5317,0.0000
-1.6005,-1.7388,-0.0952,0.0000
-1.1568,1.5920,-1.5285,0.0000
0.2766,0.4452,1.1687,0.0000
-1.8353,0.4245,-0.8908,0.0000
-1.3625,0.5789,0.7490,0.0000
-1.8354,-0.0688,-1.0283,0.0000
-1.2452,-0.6732,0.7099,0.0000
0.5788,1.5753,1.6179,0.0000
-1.0413,1.6967,0.7948,0.0000
-1.1226,0.3140,-0.1057,0.0000
-0.8452,0.0214,0.3166,0.0000
-1.7789,1.3864,-0.5647,0.0000
-1.2587,0.0242,1.5930,0.0000
-1.0500,1.1467,-0.6719,0.0000
-1.3380,-1.2772,0.4461,0.0000
-1.4234,1.3389,-0.6715,0.0000
-1.9401,0.1640,0.6123,0.0000
-0.3102,1.5600,1.0835,0.0000
1.6863,1.8342,1.7412,0.0000
0.1662,1.2543,1.0867,0.0000
-1.7186,1.0900,1.5983,0.0000
-0.2606,-1.9283,1.7529,0.0000
-0.6055,0.5505,0.7046,0.0000
-1.7827,1.8539,1.2378,0.0000
-0.4583,0.3987,0.2973,0.0000
-0.7673,1.2061,-0.4457,0.0000
-1.9308,0.7879,0.4963,0.0000
-1.2490,-1.6969,0.4768,0.0000
0.4818,1.9719,0.2474,0.0000
-0.6391,-1.3203,0.8044,0.0000
-1.2567,1.7825,-0.7552,0.0000
-1.2371,1.4017,-1.5406,0.0000
-0.3251,1.9583,0.6310,0.0000
-1.3166,-1.0138,-0.1597,0.0000
-1.6484,-0.7250,0.2121,0.0000
-0.1209,1.4206,-0.0005,0.0000
-1.8884,1.7498,-1.2097,0.0000
-1.5685,1.4349,1.4983,0.0000
-1.5677,1.7374,1.5110,0.0000
-1.0834,-1.3075,1.0224,0.0000
0.0591,1.9766,-1.0477,0.0000
0.4471,-0.4504,1.3976,0.0000
-0.0207,0.1361,0.7052,0.0000
-1.0455,1.2937,-0.9872,0.0000
-0.6099,1.5878,0.9778,0.0000
1.6403,1.6200,1.9616,0.0000
-1.9566,-0.0828,-1.3741,0.0000
-0.2542,0.6046,1.2047,0.0000
-1.3200,0.6448,-0.4442,0.0000
-1.3951,-0.5550,-0.3663,0.0000
-1.0603,-1.1513,1.0965,0.0000
-0.8529,1.7266,1.9228,0.0000
-0.2314,0.2605,1.3540,0.0000
0.4277,1.2415,1.7775,0.0000
-1.6493,-0.4049,0.5367,0.0000
-0.6290,1.6089,0.7067,0.0000
0.3314,1.6484,-0.2691,0.0000
-1.4778,-0.2810,1.0678,0.0000
0.1369,0.3641,0.8707,0.0000
-1.9512,-1.7999,-0.1303,0.0000
-0.6402,-1.4011,0.8705,0.0000
-1.1411,-1.1510,1.0119,0.0000
-0.1501,1.7354,0.5545,0.0000
-1.1101,1.4970,0.5099,0.0000
-0.9987,1.4502,-0.0795,0.0000
0.2407,-1.2338,1.8997,0.0000
-0.6659,-0.8874,1.4133,0.0000
1.9685,1.9703,1.2460,0.0000
-1.9716,0.4586,1.3123,0.0000
0.5374,0.6279,1.9561,0.0000
-0.8892,0.3598,-0.9336,0.0000
0.2124,0.8814,0.8882,0.0000
0.6793,1.4746,0.5880,0.0000
-1.1180,0.4923,1.7969,0.0000
-0.0017,-0.8543,1.8474,0.0000
-1.0879,1.9981,1.0248,0.0000
-1.0611,1.8918,-1.1033,0.0000
1.1206,1.9681,1.4484,0.0000
-1.3216,0.4330,-1.4199,0.0000
-1.0586,0.8606,1.9477,0.0000
-1.5260,-0.3910,-0.6597,0.0000
-0.1129,-0.8294,1.8933,0.0000
-0.8171,-0.6583,1.9192,0.0000
-0.5864,1.3616,1.5226,0.0000
0.7858,0.3221,1.5584,0.0000
-1.0666,-0.1342,-0.5319,0.0000
0.7057,0.3797,1.9399,0.0000
-0.6553,-1.1326,0.9593,0.0000
-1.5831,0.5357,-0.7877,0.0000
-0.7199,-1.4778,1.6013,0.0000
-1.7713,0.3872,1.8357,0.0000
0.3144,1.1666,1.4551,0.0000
-0.2735,1.9655,0.8107,0.0000
-0.1656,1.4202,-0.1649,0.0000
-1.9158,0.5670,-0.0975,0.0000
-0.3809,-1.1391,1.4823,0.0000
-1.7977,0.3025,-0.2094,0.0000
-0.4965,1.6187,1.9123,0.0000
-0.8590,-1.2333,0.8734,0.0000
-0.0302,0.8953,1.6398,0.0000
-0.8803,1.8187,1.8926,0.0000
-0.8647,-0.4716,-0.1769,0.0000
0.4388,1.5029,0.4466,0.0000
-0.7350,-1.0824,1.1148,0.0000
-1.7320,1.5965,0.6129,0.0000
-0.9883,1.1615,-0.7851,0.0000
-1.1479,-1.3932,1.2590,0.0000
-1.0450,-0.2815,0.0852,0.0000
-1.2570,1.2458,-0.5062,0.0000
-1.3612,0.3347,-0.8971,0.0000
-0.3669,1.0228,-0.1588,0.0000
-0.6735,1.2352,0.6897,0.0000
-0.5659,1.4980,-0.4858,0.0000
-1.6495,0.8388,-0.2788,0.0000
0.6338,1.5462,1.6906,0.0000
-1.5034,1.8697,-1.9635,0.0000
-0.1190,-0.7168,1.5361,0.0000
-1.2980,0.2627,1.7333,0.0000
0.2081,0.1571,1.3598,0.0000
-1.7296,-0.7196,1.8916,0.0000
-1.7227,1.0978,-0.6643,0.0000
1.9331,1.8761,1.6265,0.0000
0.0590,-0.8488,1.8968,0.0000
0.7844,0.9118,1.2009,0.0000
-1.8934,1.0766,0.2329,0.0000
-0.2509,1.6529,1.2212,0.0000
0.4245,1.7497,1.0416,0.0000
0.9269,0.0400,1.6818,0.0000
-1.7439,0.0524,-0.8060,0.0000
-0.2510,0.2370,1.2280,0.0000
-1.6125,1.4713,0.2620,0.0000
-0.1986,0.2074,1.2776,0.0000
-1.3511,-0.7736,0.6428,0.0000
-1.7075,1.5397,-1.9442,0.0000
-1.2608,0.1004,0.5561,0.0000
-0.4414,0.8171,-0.6017,0.0000
-0.3800,1.8726,-1.0573,0.0000
0.0186,1.6546,1.9364,0.0000
-1.5361,-1.4735,0.1200,0.0000
-1.1222,0.9116,1.9741,0.0000
-0.5300,1.3388,1.5110,0.0000
-1.0647,-0.1953,0.7992,0.0000
0.6679,1.2466,0.5859,0.0000
-1.8181,1.6259,0.6805,0.0000
1.0966,1.7573,1.3860,0.0000
-1.1845,0.5231,-1.0116,0.0000
-1.6319,0.9569,-0.4278,0.0000
-0.9370,1.6849,-1.3627,0.0000
-1.1044,-0.4067,0.7454,0.0000
-0.3249,-0.5797,1.5666,0.0000
0.7467,1.4514,0.8152,0.0000
-1.7099,-1.2869,0.8948,0.0000
0.3039,1.2417,0.0670,0.0000
0.3726,0.8228,0.4598,0.0000
-1.2262,1.5266,1.5276,0.0000
-0.0759,-1.9720,1.9569,0.0000
-0.6445,0.2378,0.0018,0.0000
0.6315,1.5159,0.3144,0.0000
-0.4382,-0.1828,0.8199,0.0000
-0.9912,1.2826,-0.1483,0.0000
-1.3420,-1.5723,0.5701,0.0000
-1.3987,0.3485,0.2180,0.0000
-0.4344,-0.7877,1.4641,0.0000
-1.7332,-0.7313,-0.7454,0.0000
1.0819,0.6139,1.6946,0.0000
-1.8917,-1.6729,0.8241,0.0000
-0.4807,1.6313,-0.8847,0.0000
-1.1743,1.7239,-0.6284,0.0000
0.6600,1.1492,1.4981,0.0000
-0.9916,1.2058,-1.3548,0.0000
-0.5837,-0.4590,1.9291,0.0000
-0.0548,0.9595,-0.2360,0.0000
-1.9278,-1.0246,1.7698,0.0000
-1.4227,-0.4170,-0.5258,0.0000
1.4675,1.2077,1.7631,0.0000
-1.4326,-1.2436,1.5540,0.0000
0.5557,1.0520,0.9916,0.0000
-0.7129,0.7869,-0.1181,0.0000
-1.8115,0.8879,-0.5695,0.0000
-0.2578,0.0140,0.1101,0.0000
0.7528,1.6930,0.1291,0.0000
-0.0406,0.4459,0.5406,0.0000
0.1661,-0.8514,1.8779,0.0000
-0.8631,0.6107,-0.4806,0.0000
-0.4438,-1.7460,1.3769,0.0000
-0.6569,0.0068,-0.2165,0.0000
-1.2053,0.3321,-0.0221,0.0000
-0.2005,0.1158,0.4599,0.0000
-1.8143,0.9702,1.8611,0.0000
-1.1906,1.8835,1.5180,0.0000
-0.4604,-0.7349,1.2965,0.0000
-1.6064,1.3885,-0.2070,0.0000
-0.9562,0.7534,-0.3392,0.0000
0.0999,-0.5348,1.6178,0.0000
0.2508,1.4476,-0.4459,0.0000
-1.9706,-0.4608,0.7879,0.0000
0.1893,-0.5811,1.5435,0.0000
-1.1447,1.2351,0.8634,0.0000
-1.1474,1.6972,0.8383,0.0000
-0.8741,-0.9790,1.1837,0.0000
1.4231,0.5532,1.7305,0.0000
1.6953,1.2595,1.5522,0.0000
-1.2683,-0.8914,1.0981,0.0000
-1.9472,0.2455,1.0564,0.0000
-0.4868,-1.2493,1.7431,0.0000
1.4976,1.4241,1.3557,0.0000
-0.2891,1.7125,-1.3158,0.0000
-1.3892,-0.9935,0.3814,0.0000
-1.3530,1.3677,-1.4370,0.0000
-1.2092,1.4214,-1.1615,0.0000
-0.8792,0.0388,0.2434,0.0000
0.5352,0.6122,1.4931,0.0000
-0.5956,1.2896,0.0410,0.0000
-0.9875,1.0120,-0.7924,0.0000
-1.5549,-1.3800,0.2116,0.0000
0.3930,1.6524,0.3608,0.0000
0.2774,0.3169,0.7116,0.0000
0.7050,1.0418,0.6642,0.0000
1.2626,0.5418,1.5912,0.0000
-1.0771,1.7950,0.8122,0.0000
-0.2925,0.0556,1.3955,0.0000
-0.4004,1.6052,1.4840,0.0000
-1.7455,-1.1760,0.7765,0.0000
-1.5042,0.7920,-0.1530,0.0000
-1.0991,0.6259,1.4132,0.0000
-1.8825,-0.6552,-1.3050,0.0000
1.8378,1.3134,1.8854,0.0000
0.5153,1.2875,1.1930,0.0000
-1.6826,0.5835,-0.3077,0.0000
-1.9187,0.9273,0.7528,0.0000
-1.8856,-1.6097,1.9034,0.0000
-0.9988,1.2206,-1.2548,0.0000
-0.4925,1.1241,-0.6230,0.0000
-1.9291,1.5318,-0.9293,0.0000
-1.9443,-0.3544,1.1104,0.0000
-0.6432,0.7291,1.5415,0.0000
-1.1465,1.0365,0.6736,0.0000
0.5603,1.4075,0.1870,0.0000
-0.3579,1.4195,0.3516,0.0000
-0.6615,-0.8769,1.2776,0.0000
-1.3735,1.0502,-1.7818,0.0000
-1.4368,-1.1066,1.7333,0.0000
-0.7380,-1.4218,1.9579,0.0000
0.2897,-0.3283,1.4564,0.0000
-0.6295,0.6808,0.4356,0.0000
-1.2050,-0.5878,0.0169,0.0000
0.1555,1.7295,-0.2171,0.0000
-1.9944,1.9244,-0.2890,0.0000
-1.3989,-0.4147,1.2977,0.0000
-1.9281,1.1076,-1.4746,0.0000
-1.5326,-1.7554,0.2532,0.0000
-0.5458,0.1780,1.2764,0.0000
-0.2715,0.7569,0.9861,0.0000
1.4829,1.9068,1.6004,0.0000
-1.5631,-0.5575,0.3792,0.0000
0.5202,0.3256,1.0276,0.0000
-0.2929,0.4265,0.5715,0.0000
-0.2580,1.3790,0.0767,0.0000
-0.5117,0.2375,0.7578,0.0000
-1.0262,1.1108,0.2144,0.0000
0.1333,-0.0366,1.6926,0.0000
0.0902,1.8027,0.2888,0.0000
-0.9309,-0.1109,-0.0197,0.0000
-1.5522,1.3253,-0.1995,0.0000
0.2919,1.3301,1.6640,0.0000
0.7397,1.4864,0.5489,0.0000
-1.5555,0.5517,0.8513,0.0000
-0.4116,1.4782,0.4995,0.0000
-1.6907,0.2869,0.4433,0.0000
-1.3362,-0.0740,1.1106,0.0000
-1.4356,0.6144,-0.4916,0.0000
-1.0089,-0.8425,1.5339,0.0000
-1.1051,-0.8246,0.7169,0.0000
-1.2570,1.4300,-0.1182,0.0000
1.8042,1.2466,1.9643,0.0000
0.2316,0.3240,1.8530,0.0000
-1.6226,-0.9537,-0.2478,0.0000
0.4748,1.5088,-0.1836,0.0000
-1.6849,1.5125,0.9872,0.0000
-1.1025,1.0470,-1.5767,0.0000
-1.5924,1.9618,0.2432,0.0000
-0.9016,0.7380,0.5530,0.0000
-1.2428,0.0295,-1.0384,0.0000
1.2153,0.8908,1.6367,0.0000
-1.3953,-0.6383,1.9614,0.0000
-0.9561,0.8719,0.5054,0.0000
-0.6317,-1.0756,1.2157,0.0000
-1.9936,0.6805,-1.0778,0.0000
0.2665,1.8134,0.7051,0.0000
-1.1719,1.8704,-1.1973,0.0000
-1.5579,0.6931,-1.9531,0.0000
-0.9582,-0.6757,-0.1333,0.0000
-0.3661,-1.2054,1.9567,0.0000
-0.7462,0.9586,0.1366,0.0000
-0.6143,1.4623,0.0543,0.0000
-1.8904,-1.7847,1.2134,0.0000
-0.4715,0.8678,0.4686,0.0000
-1.6124,-0.5130,-0.2184,0.0000
-0.9338,-0.3504,0.8563,0.0000
-0.1247,0.2531,0.3377,0.0000
-1.4753,1.6220,-0.4821,0.0000
0.0212,0.5231,0.6722,0.0000
0.5632,1.7645,1.2025,0.0000
-1.3777,-0.4227,1.0426,0.0000
0.1891,1.8377,1.8413,0.0000
-1.9758,0.9480,-0.9354,0.0000
-0.2106,1.4080,1.0126,0.0000
-1.0069,1.4180,-0.8328,0.0000
-0.6206,1.7818,-0.6523,0.0000
-0.9711,1.9396,-1.6786,0.0000
-0.7421,-0.8406,1.4213,0.0000
-1.1223,0.0409,1.4032,0.0000
0.1418,0.9647,0.1845,0.0000
-1.7723,-1.6644,-0.3551,0.0000
0.6622,1.9782,1.5677,0.0000
-1.3469,0.1241,-0.8127,0.0000
-1.0793,-1.4931,1.0668,0.0000
-1.6615,-0.2267,0.8047,0.0000
-1.6794,0.9600,0.8220,0.0000
-1.7718,0.0343,0.8049,0.0000
-0.5699,-1.2555,1.7320,0.0000
1.1074,0.8532,1.1687,0.0000
-0.2193,-1.4762,1.5431,0.0000
-1.3071,1.9693,-0.8755,0.0000
-0.8951,1.5096,-1.0540,0.0000
-0.9768,0.0302,0.3146,0.0000
-0.7049,1.6921,1.1207,0.0000
1.5342,1.2536,1.8526,0.0000
-1.0269,1.4025,1.7704,0.0000
-1.7310,1.5130,-1.6357,0.0000
-0.4062,-0.4621,1.1967,0.0000
0.5008,0.3361,1.2229,0.0000
1.1273,1.8947,1.8420,0.0000
-0.9100,1.4347,-0.0145,0.0000
-0.4933,1.0446,-0.3361,0.0000
-1.4604,-0.0914,1.9063,0.0000
-0.6726,-1.8371,1.9960,0.0000
-0.3668,-1.8147,1.8139,0.0000
-0.8001,-0.2868,1.4285,0.0000
-0.5419,0.0981,0.5184,0.0000
-0.8631,0.1664,0.7551,0.0000
-0.9101,-0.6737,0.0935,0.0000
-1.9965,1.2698,-0.8540,0.0000
-1.8152,-0.1031,1.5472,0.0000
-1.5561,1.7889,-0.2156,0.0000
-1.2752,0.5966,-0.6754,0.0000
-1.8542,-0.6504,1.8533,0.0000
-0.7141,1.5094,-0.3700,0.0000
0.2152,-0.3198,1.0746,0.0000
-1.7442,0.4500,0.0434,0.0000
0.0767,1.6797,0.9604,0.0000
-0.8656,0.3264,-0.2543,0.0000
-1.7814,-0.2273,-1.1375,0.0000
-1.8239,0.8972,0.1769,0.0000
-1.5679,0.2717,-1.5372,0.0000
0.0125,0.5597,0.7210,0.0000
-1.1154,-0.0001,1.5108,0.0000
0.2370,1.9975,-0.7024,0.0000
-1.5964,-1.3170,1.1266,0.0000
-0.6961,0.3912,1.8735,0.0000
-0.0015,-1.0973,1.9954,0.0000
0.4830,0.7967,0.3971,0.0000
-1.3519,0.9999,-0.2897,0.0000
-0.6444,1.6148,-1.3694,0.0000
-0.8953,-1.7206,1.0920,0.0000
-0.6808,1.8263,0.6775,0.0000
-0.3743,1.5321,-0.7392,0.0000
-1.3278,0.0572,-0.3896,0.0000
-1.6941,1.2082,-1.7738,0.0000
-0.7530,-1.3669,1.0014,0.0000
-0.4367,1.5722,-0.1638,0.0000
0.0167,-1.8959,1.9422,0.0000
-0.9230,0.5775,-0.7334,0.0000
-1.1308,-0.0267,0.9026,0.0000
-0.8512,-1.1642,1.2735,0.0000
-1.8684,-0.1013,-0.7932,0.0000
-1.4123,1.2135,0.8830,0.0000
0.9259,1.9191,0.6222,0.0000
-1.2736,1.5973,1.1223,0.0000
-1.6249,0.9597,-1.5479,0.0000
-0.8107,0.1146,1.0211,0.0000
0.3370,0.5406,0.9300,0.0000
-1.2764,1.7100,0.7730,0.0000
-0.5119,1.9660,-1.2811,0.0000
0.9831,1.9159,1.1568,0.0000
-1.6475,-0.1061,0.5119,0.0000
-1.0388,0.5639,-0.8850,0.0000
-1.7387,-1.2732,1.2693,0.0000
1.3404,1.7627,0.9622,0.0000
0.8098,0.7676,1.1484,0.0000
0.6554,1.7749,1.1253,0.0000
-0.5825,-0.2807,1.1453,0.0000
0.0774,1.5439,0.2202,0.0000
-0.9016,1.5614,0.2408,0.0000
-0.5402,1.7386,-0.0981,0.0000
-1.7730,1.3515,-1.4872,0.0000
-0.4368,-0.0522,1.4147,0.0000
-0.5433,1.5293,1.7046,0.0000
0.0498,1.1990,1.8281,0.0000
-0.4620,1.5763,0.0746,0.0000
-1.2063,1.4070,-0.7373,0.0000
-1.4324,-0.5413,1.1494,0.0000
-0.2135,1.4715,0.2271,0.0000
-1.2030,-0.1688,1.5175,0.0000
-1.1974,0.3927,0.7131,0.0000
-0.7872,1.4193,1.1681,0.0000
-1.0553,0.9346,-0.4452,0.0000
-0.7242,0.9246,-0.9006,0.0000
0.6142,0.9985,1.3202,0.0000
-1.9100,-0.1953,0.6173,0.0000
1.5258,1.9669,1.1836,0.0000
-1.3338,0.9802,0.5862,0.0000
-0.7761,0.7408,1.9059,0.0000
-0.5247,-0.2724,0.6244,0.0000
0.6163,0.0288,1.5621,0.0000
-0.8167,0.3664,1.6069,0.0000
-1.8347,-0.7202,0.5878,0.0000
-0.8009,-0.4743,0.5213,0.0000
-1.3944,-1.8543,1.4178,0.0000
-0.7212,1.0357,-0.0616,0.0000
-1.2758,-1.9594,1.7627,0.0000
-0.9853,-1.1685,0.2544,0.0000
-1.7657,0.2727,0.7946,0.0000
1.0677,0.6475,1.7495,0.0000
-1.8742,1.9632,1.3579,0.0000
-1.2754,-1.1565,0.8561,0.0000
0.3083,1.4209,1.0644,0.0000
-1.2045,-0.1505,0.2124,0.0000
-0.7037,-0.1734,1.2352,0.0000
-1.5229,0.0098,1.2482,0.0000
-0.9374,1.1382,1.3266,0.0000
-0.7869,0.9902,-0.9169,0.0000
-1.7547,1.5378,-0.1340,0.0000
-0.4137,1.6700,-1.2013,0.0000
0.3664,0.7798,1.9532,0.0000
-1.9958,-1.6634,1.3088,0.0000
0.9710,1.9118,0.0477,0.0000
-1.1416,1.4287,-1.6495,0.0000
1.4514,0.9292,1.7981,0.0000
0.2665,1.5952,-0.0820,0.0000
-1.3916,1.9388,1.0599,0.0000
-1.1213,0.6846,0.7159,0.0000
-1.4524,1.0122,-1.0495,0.0000
-0.9650,-1.1116,1.2230,0.0000
-0.3640,-0.3688,1.8106,0.0000
-0.7471,1.9439,-1.2690,0.0000
-1.5834,-0.6295,0.3856,0.0000
-1.2184,-1.0896,1.5331,0.0000
-1.2974,0.9315,1.3243,0.0000
-1.0790,1.5215,-0.7468,0.0000
1.2693,1.2706,1.7800,0.0000
-1.7033,0.3578,1.5844,0.0000
-1.9077,-1.2395,1.9774,0.0000
-0.4299,1.2781,0.0360,0.0000
1.1464,1.1314,1.3351,0.0000
0.2626,1.3477,1.3347,0.0000
-0.7379,0.9593,0.7786,0.0000
-1.9541,1.8389,0.0432,0.0000
-1.3535,0.0675,-0.3187,0.0000
-0.7662,0.3278,1.4240,0.0000
-0.9822,-1.4962,0.5207,0.0000
-1.3240,1.1931,0.3638,0.0000
-1.0196,0.2693,0.0168,0.0000
-1.0704,1.3588,1.4633,0.0000
-1.5611,1.0442,1.6617,0.0000
1.7019,1.3707,1.3588,0.0000
