0.91401,0.33886,0.0040076,1
0.44491,0.015145,0.12709,0
0.94247,0.54417,0.25862,1
0.84149,0.78721,0.25446,1
0.77975,0.30611,0.66292,1
0.77029,0.75446,0.76134,1
0.56145,0.016734,0.74847,1
0.62121,0.24996,0.34757,1
0.97332,0.70399,0.55089,1
0.95209,0.0008583,0.79324,1
0.97478,0.58137,0.53971,1
0.99743,0.94705,0.79487,1
0.30269,0.36331,0.26517,1
0.36339,0.20533,0.50996,1
0.95847,0.39085,0.39801,1
0.39515,0.15512,0.77925,1
0.34038,0.86971,0.043343,1
0.18632,0.26227,0.33795,0
0.89962,0.95588,0.90004,1
0.739,0.0045941,0.09928,1
0.27843,0.97198,0.15047,1
0.0022462,0.40683,0.048586,0
0.79015,0.9626,0.22896,1
0.044534,0.31611,0.052986,0
0.2832,0.16676,0.97495,0
0.21464,0.44011,0.98835,1
0.6664,0.79624,0.32268,1
0.27686,0.87051,0.92561,1
0.60765,0.53269,0.05728,1
0.51644,0.37493,0.041228,1
0.23175,0.82027,0.45256,1
0.64916,0.51621,0.60409,1
0.94437,0.49839,0.27473,1
0.60663,0.64805,0.34055,1
0.62134,0.7936,0.86166,1
0.68075,0.48207,0.028582,1
0.032847,0.78978,0.56222,1
0.18858,0.1416,0.46337,0
0.41353,0.79599,0.9639,1
0.65879,0.25689,0.47792,1
0.9496,0.26129,0.55365,1
0.56072,0.024262,0.60404,1
0.98209,0.041177,0.2364,1
0.72583,0.36655,0.89493,1
0.089247,0.60221,0.57561,1
0.88632,0.79857,0.96139,1
0.43801,0.13301,0.046266,1
0.91728,0.80354,0.48036,1
0.17872,0.24757,0.22583,0
0.41371,0.57383,0.14401,1
0.12259,0.031199,0.6059,0
0.22419,0.9071,0.63361,1
0.011095,0.87946,0.41214,1
0.61797,0.36123,0.67358,1
0.11749,0.88276,0.90765,1
0.30996,0.97048,0.1982,1
0.92793,0.038557,0.87825,1
0.82368,0.92308,0.97377,1
0.15757,0.4842,0.84377,1
0.62348,0.12139,0.024302,1
0.70391,0.46012,0.61776,1
0.98421,0.064634,0.69468,1
0.95252,0.81994,0.52875,1
0.051846,0.18856,0.37069,0
0.083816,0.26625,0.1218,0
0.57503,0.89824,0.3112,1
0.5353,0.58975,0.46478,1
0.13413,0.58461,0.91209,1
0.15195,0.18371,0.16575,0
0.015785,0.55746,0.47772,1
0.14212,0.24285,0.45013,0
0.6411,0.98571,0.018906,1
0.84322,0.079328,0.91407,1
0.20362,0.44095,0.65172,1
0.63394,0.05442,0.61188,1
0.4889,0.42138,0.6214,1
0.58898,0.39199,0.62887,1
0.89038,0.77834,0.1512,1
0.30048,0.9327,0.31336,1
0.81915,0.31219,0.0931,1
0.33921,0.29924,0.94256,1
0.46716,0.023018,0.46257,0
0.83741,0.90317,0.21123,1
0.94303,0.86143,0.39578,1
0.31017,0.27525,0.97227,1
0.086651,0.08869,0.91646,0
0.82671,0.44367,0.48378,1
0.39668,0.051528,0.035227,0
0.9642,0.57583,0.49208,1
0.92144,0.21333,0.52016,1
0.59344,0.58292,0.85488,1
0.65381,0.68996,0.94421,1
0.88802,0.12464,0.86529,1
0.5908,0.64968,0.77868,1
0.41002,0.8837,0.89605,1
0.11582,0.78745,0.18772,1
0.59484,0.62461,0.95691,1
0.47321,0.25346,0.92361,1
0.68259,0.009893,0.79151,1
0.51144,0.30513,0.49349,1
0.94565,0.10609,0.099845,1
0.63002,0.50678,0.89438,1
0.79652,0.2136,0.29873,1
0.44324,0.21857,0.13728,1
0.45441,0.4736,0.50031,1
0.9454,0.23834,0.14323,1
0.20094,0.26382,0.56035,0
0.61747,0.81912,0.42893,1
0.04866,0.0089532,0.51864,0
0.27418,0.86468,0.72547,1
0.66674,0.99463,0.22052,1
0.68135,0.43346,0.27873,1
0.67513,0.74922,0.75744,1
0.65105,0.67207,0.91735,1
0.9716,0.52594,0.79819,1
0.031958,0.082799,0.51157,0
0.81743,0.68877,0.76972,1
0.94879,0.99871,0.37261,1
0.98388,0.083751,0.26491,1
0.46364,0.32467,0.98121,1
0.69289,0.57145,0.83973,1
0.24239,0.36811,0.51543,1
0.25685,0.64828,0.35024,1
0.2828,0.83009,0.05291,1
0.00037782,0.10863,0.12079,0
0.00013145,0.58504,0.035939,1
0.76701,0.59517,0.59148,1
0.41573,0.77522,0.20417,1
0.24229,0.52073,0.90534,1
0.82747,0.24995,0.5453,1
0.78047,0.47689,0.1728,1
0.58476,0.050147,0.71194,1
0.80487,0.48502,0.12561,1
0.56071,0.70994,0.30714,1
0.81724,0.11678,0.31012,1
0.30169,0.21562,0.08552,1
0.8858,0.23822,0.58601,1
0.80634,0.68381,0.31895,1
0.10207,0.81679,0.79097,1
0.59638,0.24946,0.61658,1
0.2233,0.38391,0.0071478,1
0.10291,0.0034568,0.88022,0
0.18189,0.12685,0.81263,0
0.059908,0.52013,0.79908,1
0.19259,0.87715,0.64418,1
0.43378,0.83674,0.50289,1
0.74655,0.82426,0.4737,1
0.63434,0.73627,0.47595,1
0.97085,0.62468,0.65983,1
0.47359,0.97836,0.98468,1
0.30719,0.53622,0.27558,1
0.074901,0.017159,0.78998,0
0.42385,0.97715,0.69879,1
0.90317,0.81834,0.20652,1
0.18497,0.40233,0.95242,1
0.356,0.35674,0.97877,1
0.92783,0.9379,0.27524,1
0.81488,0.25223,0.26516,1
0.94132,0.35286,0.027252,1
0.97724,0.88134,0.7204,1
0.78367,0.61762,0.43029,1
0.20719,0.067698,0.63568,0
0.27922,0.10074,0.036048,0
0.86051,0.78897,0.70148,1
0.73535,0.23095,0.15082,1
0.0081582,0.15007,0.40078,0
0.37501,0.99992,0.17365,1
0.19972,0.70458,0.5417,1
0.18135,0.54744,0.85826,1
0.78474,0.95819,0.053459,1
0.1135,0.46728,0.51687,1
0.27279,0.85614,0.63558,1
0.033707,0.87733,0.58933,1
0.55111,0.18974,0.20747,1
0.91748,0.28502,0.90624,1
0.61016,0.10286,0.39724,1
0.5716,0.10823,0.61723,1
0.043302,0.81681,0.65001,1
0.45483,0.051141,0.87308,1
0.67516,0.39115,0.06668,1
0.64841,0.03294,0.97556,1
0.094695,0.43654,0.62185,1
0.23113,0.29544,0.3535,1
0.38549,0.94728,0.56158,1
0.73954,0.21833,0.64041,1
0.72692,0.96245,0.3921,1
0.22452,0.12189,0.2791,0
0.8912,0.44182,0.53352,1
0.35028,0.0050041,0.11713,0
0.4081,0.67822,0.915,1
0.24846,0.3933,0.35357,1
0.88474,0.12885,0.50221,1
0.51758,0.61312,0.02896,1
0.27436,0.68266,0.53666,1
0.955,0.56624,0.9168,1
0.24005,0.35686,0.67926,1
0.73821,0.65257,0.88513,1
0.67979,0.56382,0.34933,1
0.74063,0.50426,0.73978,1
0.5737,0.26562,0.28977,1
0.27298,0.82178,0.68408,1
0.66532,0.33016,0.93641,1
0.39882,0.58226,0.75335,1
0.14691,0.15418,0.55355,0
0.04291,0.35169,0.6955,0
0.60497,0.068445,0.74874,1
0.63543,0.27533,0.34793,1
0.71289,0.26073,0.94333,1
0.2459,0.11745,0.95635,0
0.84878,0.40015,0.62511,1
0.55846,0.39505,0.56135,1
0.30254,0.91522,0.76971,1
0.020187,0.82532,0.77447,1
0.77656,0.053069,0.52426,1
0.12593,0.22583,0.0014519,0
0.2202,0.50583,0.92028,1
0.34604,0.54788,0.18964,1
0.44581,0.67724,0.66121,1
0.07952,0.90292,0.49721,1
0.76302,0.88654,0.6792,1
0.62779,0.66389,0.9936,1
0.15229,0.69183,0.96119,1
0.59672,0.92829,0.073515,1
0.11364,0.4742,0.20746,1
0.31891,0.33098,0.030151,1
0.5454,0.55293,0.63487,1
0.95872,0.59967,0.98082,1
0.53645,0.59654,0.98059,1
0.99348,0.39976,0.3611,1
0.41313,0.3227,0.71208,1
0.46883,0.81177,0.22026,1
0.78233,0.17676,0.86755,1
0.83818,0.67496,0.62656,1
0.49212,0.10196,0.36196,1
0.51056,0.70177,0.48283,1
0.81926,0.31518,0.84296,1
0.43801,0.17246,0.60742,1
0.56781,0.7948,0.042159,1
0.072985,0.11363,0.24836,0
0.19232,0.7244,0.29478,1
0.24535,0.46135,0.96921,1
0.53195,0.047953,0.82704,1
0.52554,0.99317,0.86109,1
0.89922,0.94342,0.81543,1
0.94516,0.83182,0.055474,1
0.36889,0.6146,0.45776,1
0.52983,0.88537,0.44086,1
0.6122,0.60646,0.32378,1
0.94725,0.50188,0.58496,1
0.31819,0.96117,0.46102,1
0.55697,0.76162,0.57672,1
0.76286,0.15354,0.28868,1
0.98457,0.0027448,0.20168,1
0.47419,0.46695,0.86783,1
0.86973,0.88605,0.11705,1
0.072029,0.51087,0.34873,1
0.28254,0.71133,0.39293,1
0.27594,0.17774,0.93371,0
0.48069,0.33503,0.81736,1
0.025702,0.1162,0.30547,0
0.81443,0.57098,0.90695,1
0.84028,0.0024335,0.94352,1
0.80307,0.53124,0.091801,1
0.70594,0.46409,0.1345,1
0.95868,0.67458,0.48393,1
0.65681,0.97751,0.18455,1
0.66611,0.62286,0.98508,1
0.94361,0.042665,0.48365,1
0.030631,0.16173,0.42969,0
0.63699,0.46354,0.11925,1
0.4126,0.35071,0.44094,1
0.68041,0.54738,0.70699,1
0.91273,0.16963,0.84527,1
0.96483,0.45544,0.76865,1
0.78212,0.69809,0.43599,1
0.78133,0.76727,0.37089,1
0.28233,0.21688,0.81577,0
0.40957,0.06036,0.84672,0
0.23358,0.6328,0.74716,1
0.63444,0.35975,0.22307,1
0.57297,0.44166,0.86045,1
0.89011,0.75233,0.26429,1
0.022446,0.49501,0.30668,1
0.1821,0.6851,0.81595,1
0.21698,0.77916,0.62364,1
0.066263,0.57566,0.84244,1
0.8233,0.62478,0.70253,1
0.47727,0.61268,0.98851,1
0.057362,0.66354,0.098168,1
0.54627,0.14112,0.16274,1
0.1442,0.37749,0.84908,1
0.024755,0.47897,0.042129,1
0.91331,0.066544,0.23461,1
0.44585,0.64332,0.73305,1
0.46821,0.38432,0.28025,1
0.80353,0.52002,0.90279,1
0.3014,0.86312,0.78805,1
0.31498,0.95082,0.849,1
0.90605,0.24831,0.80177,1
0.085759,0.73844,0.083158,1
0.0068306,0.38796,0.91706,0
0.80822,0.41431,0.32455,1
0.085504,0.52416,0.41798,1
0.38645,0.31038,0.57004,1
0.24169,0.87885,0.57177,1
0.9772,0.28302,0.20005,1
0.46021,0.55097,0.95077,1
0.011501,0.26065,0.99145,0
0.88404,0.025519,0.33436,1
0.1331,0.53521,0.41978,1
0.59268,0.88544,0.77902,1
0.90549,0.033684,0.90429,1
0.5902,0.70732,0.57849,1
0.76846,0.48541,0.9579,1
0.16528,0.75644,0.29593,1
0.16606,0.83001,0.039303,1
0.18084,0.87407,0.27146,1
0.76133,0.61022,0.085044,1
0.7425,0.23735,0.094243,1
0.20772,0.41204,0.482,1
0.055323,0.44764,0.43168,1
0.58618,0.82886,0.50481,1
0.43188,0.89173,0.84418,1
0.67846,0.45033,0.50582,1
0.95385,0.027639,0.91541,1
0.37473,0.55021,0.39851,1
0.60692,0.37776,0.35265,1
0.064493,0.37913,0.75939,0
0.054401,0.68789,0.68087,1
0.11443,0.22407,0.34908,0
0.91967,0.88974,0.98116,1
0.24857,0.84782,0.29628,1
0.5657,0.38527,0.21037,1
0.15044,0.0050209,0.36278,0
0.6768,0.72994,0.76313,1
0.48043,0.58502,0.44036,1
0.035703,0.99999,0.30637,1
0.50069,0.24398,0.44956,1
0.91588,0.87193,0.42054,1
0.3605,0.50386,0.9581,1
0.90017,0.65303,0.57135,1
0.4924,0.42917,0.55703,1
0.20377,0.1853,0.33125,0
0.60215,0.23117,0.97056,1
0.2021,0.84636,0.35797,1
0.061108,0.70168,0.24265,1
0.1387,0.66293,0.53026,1
0.54148,0.23873,0.62588,1
0.82886,0.76429,0.19478,1
0.33992,0.56068,0.43595,1
0.11829,0.5655,0.1959,1
0.69504,0.25249,0.28796,1
0.023321,0.22605,0.73407,0
0.17658,0.086958,0.48226,0
0.49346,0.013573,0.67661,1
0.10891,0.6156,0.51485,1
0.54297,0.99305,0.44832,1
0.37599,0.034882,0.60607,0
0.18236,0.91128,0.53739,1
0.72601,0.67438,0.40926,1
0.034864,0.4296,0.84553,0
0.67324,0.30472,0.61517,1
0.82018,0.91413,0.81798,1
0.94209,0.71727,0.24246,1
0.47839,0.081932,0.72425,1
0.41105,0.33993,0.69105,1
0.34631,0.52515,0.084557,1
0.65133,0.7223,0.80407,1
0.68586,0.46842,0.29249,1
0.37667,0.41206,0.96101,1
0.34712,0.14424,0.33683,0
0.4728,0.88998,0.45918,1
0.24044,0.29963,0.87445,1
0.22282,0.74436,0.65073,1
0.03526,0.062963,0.10444,0
0.98206,0.72077,0.65941,1
0.12749,0.29852,0.66045,0
0.37194,0.90309,0.18579,1
0.23605,0.31194,0.04903,1
0.58845,0.7237,0.38062,1
0.26393,0.35483,0.59891,1
0.99989,0.85832,0.89318,1
0.41795,0.96549,0.48003,1
0.69032,0.37716,0.31862,1
0.54918,0.039607,0.41099,1
0.27962,0.46549,0.62924,1
0.86859,0.62718,0.79559,1
0.67588,0.46261,0.28627,1
0.78809,0.79234,0.1786,1
0.16173,0.67794,0.11559,1
0.41852,0.75604,0.71234,1
0.30184,0.88904,0.89119,1
0.55697,0.021329,0.7609,1
0.47135,0.48285,0.22428,1
0.9093,0.1099,0.98474,1
0.30052,0.80866,0.021293,1
0.90837,0.12684,0.39221,1
0.3659,0.18552,0.58702,1
0.39688,0.074855,0.51637,0
0.21314,0.1084,0.88307,0
0.61439,0.26043,0.68014,1
0.16705,0.6432,0.90605,1
0.22615,0.53437,0.29028,1
0.6214,0.013719,0.90848,1
0.19624,0.038147,0.081981,0
0.43813,0.49506,0.65178,1
0.68224,0.040041,0.58614,1
0.18046,0.41601,0.18619,1
0.63942,0.26049,0.21664,1
0.12989,0.069116,0.82058,0
0.63079,0.65768,0.82898,1
0.94291,0.55152,0.82073,1
0.1963,0.71454,0.63039,1
0.99908,0.79434,0.08795,1
0.079734,0.87869,0.87951,1
0.93023,0.31843,0.87923,1
0.48093,0.20992,0.96628,1
0.5982,0.14287,0.30104,1
0.68903,0.057467,0.3968,1
0.43476,0.23601,0.47568,1
0.86551,0.55195,0.765,1
0.42364,0.4606,0.4902,1
0.34579,0.57429,0.90176,1
0.49528,0.1122,0.45358,1
0.86188,0.58875,0.15887,1
0.35976,0.18709,0.16013,1
0.4207,0.95489,0.28383,1
0.47659,0.28886,0.82113,1
0.5297,0.54655,0.31762,1
0.055312,0.02655,0.27339,0
0.84963,0.6055,0.67136,1
0.033857,0.37173,0.46007,0
0.50498,0.61944,0.05594,1
0.52954,0.78497,0.98892,1
0.52075,0.063576,0.90602,1
0.47207,0.99365,0.75975,1
0.9771,0.36953,0.46703,1
0.67909,0.33536,0.10385,1
0.75338,0.093898,0.14561,1
0.98334,0.86634,0.81079,1
0.17305,0.85264,0.57668,1
0.47998,0.44815,0.91959,1
0.84503,0.50925,0.69827,1
0.26084,0.85958,0.15274,1
0.23135,0.98708,0.73939,1
0.10337,0.66344,0.58131,1
0.97253,0.6029,0.76918,1
0.36938,0.82114,0.67476,1
0.85649,0.24043,0.368,1
0.23052,0.047074,0.13176,0
0.53066,0.0062474,0.63901,1
0.33518,0.93696,0.8952,1
0.56262,0.1221,0.64257,1
0.032553,0.66162,0.35687,1
0.57238,0.055135,0.82257,1
0.53743,0.27537,0.60892,1
0.84818,0.39667,0.1582,1
0.83029,0.48519,0.95102,1
0.19394,0.44434,0.57397,1
0.54503,0.61216,0.90825,1
0.13826,0.6015,0.32065,1
0.41811,0.69665,0.61192,1
0.44163,0.75703,0.80105,1
0.93823,0.42264,0.12106,1
0.83639,0.26886,0.68592,1
0.99542,0.14167,0.87137,1
0.15031,0.95735,0.10166,1
0.11208,0.74788,0.2584,1
0.26682,0.26072,0.299,1
0.055856,0.24878,0.60102,0
0.83964,0.34755,0.14534,1
0.052215,0.32212,0.46826,0
0.45003,0.27362,0.87676,1
0.64974,0.61481,0.70925,1
0.12033,0.12263,0.60651,0
0.59928,0.19903,0.14498,1
0.50728,0.80906,0.35002,1
0.25771,0.26945,0.067931,1
0.73927,0.58443,0.94001,1
0.56931,0.20919,0.063388,1
0.28188,0.17599,0.1567,0
0.96328,0.069832,0.79442,1
0.28229,0.44219,0.56632,1
0.28763,0.32696,0.93446,1
0.36316,0.95187,0.12608,1
0.97648,0.83474,0.60049,1
0.092801,0.32712,0.96307,0
0.76493,0.47611,0.054164,1
0.688,0.76047,0.67938,1
0.15274,0.073699,0.97127,0
0.31774,0.44463,0.67071,1
0.94705,0.065838,0.3777,1
0.12974,0.75732,0.70094,1
0.98613,0.77242,0.64686,1
0.12364,0.92031,0.81292,1
0.14907,0.18348,0.76139,0
0.75819,0.77132,0.27021,1
0.80411,0.044078,0.95459,1
0.50618,0.073763,0.73129,1
0.97396,0.419,0.74466,1
0.61608,0.041776,0.079182,1
0.013582,0.19584,0.98264,0
0.92105,0.74079,0.80058,1
0.9089,0.91382,0.3676,1
0.50513,0.032751,0.30835,1
0.47209,0.13778,0.55853,1
0.81629,0.32605,0.13414,1
0.98378,0.099269,0.99023,1
0.097209,0.32292,0.16596,0
0.43822,0.8498,0.31871,1
0.97368,0.95065,0.32127,1
0.12405,0.85003,0.4877,1
0.36404,0.20108,0.52252,1
0.81937,0.42879,0.65114,1
0.56307,0.97683,0.32357,1
0.83525,0.41767,0.68932,1
0.74714,0.98643,0.83392,1
0.55051,0.42228,0.055928,1
0.040793,0.82298,0.14049,1
0.14859,0.32465,0.25654,0
0.93057,0.91443,0.93265,1
0.043463,0.89702,0.048213,1
0.88305,0.22434,0.63687,1
0.28974,0.18994,0.00061343,0
0.75845,0.71024,0.83922,1
0.95191,0.43342,0.20383,1
0.034068,0.063438,0.40493,0
0.44723,0.74556,0.89027,1
0.31637,0.90633,0.99098,1
0.29095,0.62108,0.20045,1
0.70249,0.33017,0.20643,1
0.0035562,0.95129,0.70112,1
0.60217,0.37213,0.24196,1
0.66144,0.013924,0.22263,1
0.28487,0.087931,0.42309,0
0.41948,0.5335,0.45886,1
0.95123,0.39182,0.36677,1
0.26097,0.82352,0.88707,1
0.23093,0.044395,0.78661,0
0.28482,0.71544,0.83161,1
0.9716,0.022641,0.15532,1
0.97616,0.55732,0.49676,1
0.068164,0.63359,0.9197,1
0.82884,0.28007,0.31828,1
0.23384,0.003551,0.13928,0
0.80206,0.99134,0.87073,1
0.77671,0.042144,0.72563,1
0.28818,0.78354,0.89123,1
0.90502,0.4309,0.65413,1
0.87847,0.21634,0.75585,1
0.9675,0.95151,0.88144,1
0.003669,0.065899,0.55155,0
0.35003,0.42224,0.5931,1
0.532,0.57684,0.56008,1
0.64361,0.53899,0.007998,1
0.70041,0.13777,0.069521,1
0.94065,0.69537,0.87074,1
0.67965,0.88341,0.3766,1
0.7081,0.64236,0.32444,1
0.22704,0.32129,0.25237,1
0.70446,0.35478,0.21728,1
0.85517,0.30125,0.52509,1
0.11304,0.88246,0.48894,1
0.37088,0.8707,0.20292,1
0.405,0.24108,0.89707,1
0.55043,0.038596,0.42239,1
0.76808,0.99458,0.83732,1
0.3041,0.61897,0.48271,1
0.57454,0.87573,0.43152,1
0.25782,0.39108,0.65541,1
0.24352,0.75872,0.20605,1
0.87985,0.31026,0.50846,1
0.37948,0.29069,0.62997,1
0.1482,0.88401,0.37502,1
0.45384,0.44092,0.073933,1
0.44653,0.99687,0.56966,1
0.97231,0.59804,0.77749,1
0.77966,0.15337,0.32144,1
0.12865,0.10066,0.35897,0
0.46954,0.79581,0.7533,1
0.52826,0.16032,0.97225,1
0.81882,0.74484,0.12713,1
0.91865,0.0081852,0.3778,1
0.52049,0.29204,0.81092,1
0.79527,0.49261,0.79383,1
0.79727,0.60449,0.84646,1
0.92547,0.92116,0.28698,1
0.33045,0.032002,0.95564,0
0.13347,0.5919,0.65123,1
0.059329,0.26271,0.29318,0
0.64051,0.83408,0.22768,1
0.37058,0.64828,0.15991,1
0.37651,0.071111,0.68548,0
0.86625,0.65597,0.63329,1
0.55856,0.17542,0.57097,1
0.43711,0.66113,0.47144,1
0.72106,0.69296,0.086539,1
0.24773,0.39696,0.64182,1
0.42541,0.68237,0.94974,1
0.093958,0.31182,0.28567,0
0.78535,0.20175,0.39325,1
0.012881,0.65319,0.40254,1
0.91821,0.18284,0.46959,1
0.21166,0.36531,0.26233,1
0.37906,0.92961,0.59712,1
0.24086,0.60329,0.17681,1
0.78973,0.6694,0.3841,1
0.073744,0.63486,0.63851,1
0.1138,0.77323,0.97761,1
0.97971,0.36976,0.96678,1
0.30253,0.70848,0.98659,1
0.56695,0.013921,0.23542,1
0.23301,0.87675,0.62484,1
0.33843,0.060837,0.8269,0
0.97273,0.61054,0.72988,1
0.19854,0.62012,0.99525,1
0.17228,0.27119,0.27085,0
0.035653,0.086675,0.77584,0
0.4083,0.22746,0.18086,1
0.027899,0.68748,0.26783,1
0.22528,0.27806,0.97241,1
0.41889,0.25931,0.31833,1
0.49538,0.069025,0.23301,1
0.36907,0.60121,0.57197,1
0.22098,0.087891,0.7193,0
0.6244,0.28365,0.23493,1
0.024859,0.31172,0.58432,0
0.97529,0.017196,0.49971,1
0.028759,0.94113,0.27763,1
0.39793,0.20842,0.66544,1
0.53889,0.83543,0.20139,1
0.1379,0.5808,0.35859,1
0.037757,0.3729,0.89056,0
0.98135,0.32511,0.29733,1
0.6046,0.82413,0.03523,1
0.055184,0.067415,0.48059,0
0.58165,0.72927,0.68376,1
0.86024,0.68621,0.25103,1
0.25367,0.56019,0.49415,1
0.55418,0.21487,0.57054,1
0.43343,0.62613,0.11174,1
0.0014066,0.52205,0.41274,1
0.23484,0.86018,0.91577,1
0.53598,0.24203,0.32585,1
0.64344,0.80013,0.56695,1
0.29815,0.013534,0.0079049,0
0.23099,0.79004,0.83286,1
0.44012,0.22009,0.23627,1
0.25181,0.054853,0.89887,0
0.37487,0.053024,0.52374,0
0.1499,0.58996,0.45755,1
0.19605,0.35714,0.37727,1
0.45237,0.82758,0.69163,1
0.10025,0.022796,0.85821,0
0.14901,0.20854,0.8412,0
0.99048,0.3228,0.70268,1
0.61255,0.89448,0.01198,1
0.24135,0.11865,0.43683,0
0.57435,0.52806,0.058465,1
0.36555,0.27885,0.4314,1
0.43292,0.43018,0.38828,1
0.75386,0.52652,0.94554,1
0.99291,0.65954,0.42859,1
0.53552,0.53405,0.79344,1
0.36793,0.51557,0.84647,1
0.30211,0.51268,0.49611,1
0.61768,0.094257,0.40531,1
0.84736,0.17538,0.54629,1
0.30483,0.52128,0.74303,1
0.66277,0.7958,0.8326,1
0.75028,0.85556,0.98173,1
0.53174,0.14246,0.73433,1
0.67645,0.057036,0.56452,1
0.11792,0.70276,0.70508,1
0.15142,0.37949,0.52378,1
0.60265,0.87438,0.93672,1
0.39827,0.68939,0.1107,1
0.4855,0.099115,0.81495,1
0.90752,0.10065,0.17237,1
0.079012,0.22169,0.91782,0
0.97633,0.44475,0.83291,1
0.65774,0.80529,0.038601,1
0.91237,0.77827,0.072685,1
0.041821,0.45206,0.37295,0
0.167,0.70337,0.37041,1
0.044465,0.38923,0.021017,0
0.76495,0.46288,0.38601,1
0.45512,0.42847,0.5805,1
0.895,0.015314,0.65315,1
0.27504,0.99789,0.39891,1
0.063823,0.98419,0.24664,1
0.84811,0.28755,0.50776,1
0.48471,0.72291,0.2514,1
0.28841,0.41092,0.74936,1
0.89538,0.75043,0.84793,1
0.90895,0.8614,0.57728,1
0.67965,0.59044,0.35808,1
0.76193,0.82386,0.49811,1
0.072176,0.2067,0.3469,0
0.61329,0.3349,0.90439,1
0.62947,0.084787,0.77252,1
0.24776,0.85282,0.23308,1
0.087885,0.39339,0.0067949,0
0.16909,0.47784,0.063452,1
0.211,0.70942,0.01263,1
0.55621,0.58939,0.71881,1
0.33257,0.50647,0.13147,1
0.71431,0.47035,0.53389,1
0.45143,0.63594,0.47418,1
0.40572,0.93593,0.29961,1
0.61324,0.35031,0.53935,1
0.3788,0.87154,0.38805,1
0.79952,0.92363,0.29383,1
0.81593,0.39987,0.37487,1
0.48225,0.49162,0.40364,1
0.54209,0.86369,0.43277,1
0.54652,0.75216,0.19123,1
0.96357,0.83648,0.38163,1
0.52099,0.78286,0.81303,1
0.85177,0.73438,0.38342,1
0.10022,0.58974,0.90207,1
0.27512,0.091885,0.10128,0
0.13158,0.24406,0.2268,0
0.15894,0.94705,0.10107,1
0.065284,0.61731,0.89015,1
0.31076,0.80734,0.41936,1
0.11674,0.20139,0.59296,0
0.085291,0.65885,0.28804,1
0.18001,0.95391,0.036566,1
0.1,0.47628,0.90404,1
0.051882,0.015376,0.6007,0
0.027763,0.84817,0.62333,1
0.29469,0.5545,0.045002,1
0.7556,0.78509,0.055029,1
0.18236,0.89025,0.14278,1
0.64604,0.050413,0.48282,1
0.77629,0.15944,0.28401,1
0.94201,0.21287,0.43943,1
0.52821,0.12851,0.60092,1
0.7759,0.83307,0.81316,1
0.46266,0.35635,0.18117,1
0.51995,0.45565,0.20634,1
0.99693,0.026283,0.030463,1
0.6605,0.05179,0.85071,1
0.43202,0.96703,0.75635,1
0.56399,0.26111,0.46717,1
0.93695,0.59322,0.20952,1
0.79489,0.48561,0.020415,1
0.18795,0.045862,0.58227,0
0.66578,0.44761,0.37518,1
0.64601,0.2514,0.64542,1
0.49221,0.039201,0.98756,1
0.54122,0.60405,0.1087,1
0.23909,0.0094926,0.61819,0
0.85618,0.63446,0.84169,1
0.0047499,0.63834,0.91807,1
0.84098,0.45264,0.7719,1
0.37584,0.95231,0.47387,1
0.8834,0.47924,0.50806,1
0.50547,0.15898,0.92116,1
0.98218,0.76877,0.4705,1
0.11347,0.52107,0.94752,1
0.01165,0.27033,0.63622,0
0.1298,0.5622,0.94378,1
0.33115,0.61051,0.47159,1
0.40886,0.70112,0.67021,1
0.61932,0.80415,0.33276,1
0.56931,0.092279,0.59914,1
0.2013,0.97084,0.039568,1
0.40866,0.74952,0.04356,1
0.12158,0.74302,0.81703,1
0.32764,0.40763,0.011476,1
0.54165,0.99152,0.39126,1
0.65508,0.72334,0.012537,1
0.17777,0.94353,0.94245,1
0.44071,0.050673,0.62905,0
0.7772,0.0083759,0.22538,1
0.98646,0.7071,0.64239,1
0.36679,0.072548,0.55968,0
0.73067,0.79902,0.20583,1
0.7512,0.94544,0.34641,1
0.56484,0.1539,0.62197,1
0.83395,0.79983,0.99776,1
0.4257,0.89622,0.95422,1
0.39251,0.94838,0.22966,1
0.14066,0.97961,0.36269,1
0.57235,0.48421,0.35545,1
0.10155,0.57121,0.25312,1
0.11346,0.045414,0.20973,0
0.10204,0.34156,0.9085,0
0.31123,0.3916,0.01412,1
0.52424,0.31858,0.18301,1
0.092195,0.66008,0.12257,1
0.90585,0.38162,0.72906,1
0.95619,0.69243,0.32415,1
0.13944,0.061873,0.73511,0
0.97829,0.62854,0.14629,1
0.12209,0.31967,0.6224,0
0.89449,0.27135,0.13813,1
0.10253,0.7612,0.52691,1
0.032358,0.26537,0.52974,0
0.036674,0.344,0.20725,0
0.83782,0.70874,0.56933,1
0.0055407,0.028458,0.79453,0
0.11671,0.40456,0.57179,1
0.42355,0.055356,0.89693,0
0.8086,0.36634,0.72371,1
0.084707,0.27067,0.15199,0
0.85983,0.10378,0.87789,1
0.5685,0.64451,0.85163,1
0.49447,0.40903,0.45132,1
0.90305,0.31993,0.4507,1
0.79557,0.61629,0.80785,1
0.14268,0.35903,0.68248,1
0.42425,0.78065,0.26233,1
0.50591,0.57717,0.31334,1
0.1663,0.95833,0.889,1
0.73617,0.64714,0.031557,1
0.50338,0.78962,0.052087,1
0.29562,0.87301,0.88124,1
0.75051,0.91253,0.25386,1
0.59815,0.61822,0.61087,1
0.82702,0.1079,0.72358,1
0.14658,0.43104,0.61687,1
0.21799,0.094912,0.88752,0
0.064679,0.89483,0.32102,1
0.0029982,0.3281,0.44522,0
0.53578,0.038972,0.97568,1
0.47455,0.38312,0.32987,1
0.85535,0.92634,0.057903,1
0.66135,0.32661,0.26305,1
0.35756,0.36606,0.99513,1
0.54654,0.38558,0.51228,1
0.18426,0.27468,0.72909,0
0.97058,0.84443,0.77175,1
0.5683,0.25426,0.099767,1
0.37588,0.91116,0.77273,1
0.36092,0.030782,0.86304,0
0.49223,0.48216,0.68804,1
0.57067,0.82793,0.75481,1
0.71081,0.55391,0.39098,1
0.17627,0.43907,0.092593,1
0.58915,0.042006,0.75245,1
0.24923,0.49827,0.14422,1
0.46485,0.50544,0.25782,1
0.063324,0.12161,0.80039,0
0.57103,0.56676,0.23528,1
0.010573,0.21051,0.55253,0
0.0024788,0.2239,0.7441,0
0.57454,0.69845,0.24507,1
0.43056,0.7567,0.94771,1
0.36624,0.69334,0.54841,1
0.7852,0.69288,0.85053,1
0.5793,0.52862,0.59568,1
0.81719,0.79405,0.3982,1
0.42686,0.4599,0.44682,1
0.95225,0.15128,0.32134,1
0.93206,0.65044,0.41175,1
0.20434,0.7987,0.26461,1
0.40043,0.58436,0.76357,1
0.021102,0.93381,0.42035,1
0.45206,0.66416,0.53248,1
0.94159,0.38605,0.69471,1
0.70735,0.57163,0.75493,1
0.40951,0.18333,0.4411,1
0.16213,0.42749,0.89932,1
0.84634,0.19361,0.79972,1
0.4748,0.50645,0.87761,1
0.45944,0.59424,0.89331,1
0.19404,0.90694,0.81181,1
0.89511,0.09812,0.23271,1
0.64162,0.88637,0.55806,1
0.74445,0.153,0.93425,1
0.43272,0.41376,0.22332,1
0.75115,0.1253,0.64805,1
0.48229,0.37626,0.64475,1
0.56159,0.35894,0.08524,1
0.63215,0.0066349,0.62714,1
0.70936,0.49723,0.12541,1
0.4983,0.75355,0.16324,1
0.022325,0.89767,0.31768,1
0.49954,0.22069,0.69424,1
0.38292,0.13692,0.012895,1
0.21771,0.14294,0.37232,0
0.75809,0.13422,0.17015,1
0.68581,0.26567,0.37,1
0.96776,0.049884,0.41763,1
0.31673,0.63681,0.76687,1
0.63102,0.68937,0.85701,1
0.82476,0.35919,0.2262,1
0.96031,0.55594,0.21717,1
0.004429,0.80742,0.6312,1
0.17346,0.75255,0.86193,1
0.39135,0.78967,0.29985,1
0.58502,0.017998,0.23587,1
0.0011153,0.33499,0.76919,0
0.17994,0.39989,0.25845,1
0.99813,0.28046,0.38857,1
0.31527,0.14687,0.49945,0
0.20047,0.66856,0.96506,1
0.68409,0.11311,0.16344,1
0.16624,0.18459,0.37202,0
0.80506,0.42463,0.42212,1
0.76496,0.53737,0.088554,1
0.74009,0.71257,0.022577,1
0.13185,0.17271,0.0024198,0
0.29962,0.046695,0.37796,0
0.12316,0.72471,0.78284,1
0.24337,0.063296,0.73704,0
0.91842,0.16466,0.18055,1
0.072233,0.59583,0.29267,1
0.42111,0.037147,0.24506,0
0.80967,0.55041,0.68889,1
0.68064,0.91047,0.98054,1
0.1462,0.18329,0.54117,0
0.87498,0.13348,0.81713,1
0.95103,0.65075,0.60279,1
0.44393,0.92451,0.82312,1
0.66357,0.84699,0.87911,1
0.064542,0.21343,0.98443,0
0.58307,0.35217,0.044332,1
0.070059,0.79082,0.73615,1
0.86856,0.36164,0.52412,1
0.44056,0.86336,0.018691,1
0.71538,0.68074,0.24371,1
0.50924,0.75849,0.27834,1
0.35445,0.74518,0.83025,1
0.40368,0.48386,0.5369,1
0.12246,0.76781,0.040908,1
0.019678,0.18136,0.21297,0
0.62549,0.80307,0.49506,1
0.34786,0.50047,0.38316,1
0.92576,0.24397,0.35537,1
0.10874,0.14549,0.41208,0
0.2603,0.93041,0.34104,1
0.11055,0.11401,0.92354,0
0.52028,0.51304,0.56522,1
0.80331,0.38069,0.99732,1
0.078709,0.9644,0.73599,1
0.52653,0.049129,0.74397,1
0.98714,0.1007,0.49299,1
0.82317,0.89382,0.6923,1
0.14564,0.36972,0.8079,1
0.73891,0.1836,0.5985,1
0.52217,0.78932,0.84212,1
0.63841,0.0049469,0.0021832,1
0.049653,0.83892,0.090948,1
0.34104,0.9307,0.49127,1
0.077779,0.68112,0.18686,1
0.68065,0.78681,0.27916,1
0.0031409,0.8913,0.57874,1
0.75146,0.42658,0.89585,1
0.52133,0.81858,0.12141,1
0.64913,0.040746,0.13454,1
0.80741,0.56813,0.38824,1
0.95331,0.70188,0.2563,1
0.58055,0.80036,0.32142,1
0.94785,0.48308,0.47188,1
0.2727,0.35168,0.7168,1
0.16531,0.46376,0.68839,1
0.74698,0.3566,0.47231,1
0.6368,0.90051,0.66322,1
0.90991,0.61831,0.42395,1
0.20811,0.99912,0.77942,1
0.81569,0.86228,0.72966,1
0.20037,0.91277,0.62954,1
0.91488,0.91944,0.63316,1
0.41788,0.7061,0.79453,1
0.5815,0.58866,0.90392,1
0.6507,0.86651,0.077686,1
0.39666,0.98767,0.6112,1
0.5308,0.27881,0.3909,1
0.81664,0.43329,0.36616,1
0.32131,0.8235,0.90934,1
0.18226,0.71457,0.18214,1
0.35356,0.57902,0.36922,1
0.76315,0.16944,0.53678,1
0.90169,0.9476,0.37043,1
0.80878,0.59397,0.57625,1
0.061121,0.66045,0.92158,1
0.063267,0.11945,0.29061,0
0.65719,0.45735,0.37219,1
0.014255,0.80964,0.18818,1
0.42761,0.31002,0.64234,1
0.077776,0.89567,0.85942,1
0.24749,0.38477,0.97277,1
0.92358,0.34583,0.3625,1
0.19027,0.63042,0.60063,1
0.62296,0.63498,0.39504,1
0.21072,0.46464,0.57218,1
0.52984,0.88304,0.90682,1
0.14006,0.4005,0.53998,1
0.34199,0.17477,0.12167,1
0.23148,0.89776,0.48616,1
0.44595,0.59598,0.80848,1
0.90646,0.23051,0.84314,1
0.69813,0.99847,0.7342,1
0.0085929,0.6875,0.33171,1
0.17473,0.64288,0.28033,1
0.43685,0.076878,0.93124,1
